﻿ago,dstv,DStv%20Francais%20Sportift%20E36
bdi,dstv,Premium%20E/Afr%20E36 + ASIAE36
ben,dstv,Premium%20E/Afr%20E36
bfa,dstv,Premium%20E%2FAfr%20%2B%20French%20Bonus
bwa,dstv,Premium%20West%20Africa%20with%20Asian%20Bouquet
caf,dstv,Premiu%20West%20Africa%20Bouquet
civ,dstv,Premium%20W%2F%20Africa%20%2B%20French%20Bonus%20Bq
cmr,dstv,Compact%20Plus%20Bouquet%20E36
cod,dstv,Compact%20Bouquet%20E36
cog,dstv,Family%20Bouquet%20E36
com,dstv,Access%20Bouquet%20E36
eth,dstv,DStv%20Francais%20Sportift%20E36
gab,dstv,Premium%20E/Afr%20E36
gha,gotv,GOTV%20LITE%20BOUQUET
gin,dstv,Premium%20E%2FAfr%20%2B%20French%20Bonus
gmb,dstv,Premium%20West%20Africa%20with%20Asian%20Bouquet
gnb,dstv,Premiu%20West%20Africa%20Bouquet
gnq,dstv,Premium%20W%2F%20Africa%20%2B%20French%20Bonus%20Bq
ken,gotv,GOTV%20VALUE%20BOUQUET
lbr,dstv,Compact%20Bouquet%20E36
mdg,dstv,Family%20Bouquet%20E36
mli,dstv,Access%20Bouquet%20E36
moz,gotv,GOtv%20Plus%20Bouquet
mwi,gotv,Got%20Max%20Bouquet
nam,gotv,GOTV%20LITE%20BOUQUET
ner,dstv,DStv%20Francais%20Sportift%20E36
nga,gotv,Got%20Max%20Bouquet
rwa,dstv,Premium%20E/Afr%20E36
sdn,dstv,Premium%20E%2FAfr%20%2B%20French%20Bonus
sen,dstv,Premium%20West%20Africa%20with%20Asian%20Bouquet
sle,dstv,Premiu%20West%20Africa%20Bouquet
som,dstv,Premium%20W%2F%20Africa%20%2B%20French%20Bonus%20Bq
ssd,dstv,Compact%20Plus%20Bouquet%20E36
stp,dstv,Compact%20Bouquet%20E36
swz,dstv,Family%20Bouquet%20E36
syc,dstv,Access%20Bouquet%20E36
uga,dstv,Compact%20Plus%20Bouquet%20E36
zaf,dstv,Compact%20Bouquet%20E36
zmb,gotv,GOTV%20LITE%20BOUQUET
zwe,dstv,Compact%20Bouquet%20E36
