ken,dstv,e8c79d87-10cd-4c3c-a1e9-aae1162660b9
ken,gotv,d1d99d62-5d5c-4208-b8e3-dcd7d9688ff8
moz,gotv,b6b400f4-e7ad-4618-a161-6098f4dbf998
gha,gotv,8d7a0de7-a5f6-4def-936c-74eb234841a9
mwi,gotv,e5d35d66-aba9-44c3-9f38-812298176c5b
nam,gotv,fb6a83b9-8cba-407c-ae68-3d92596d29e2
nga,gotv,7bc11947-255f-4572-bf92-0d34ac689896
zmb,gotv,910c5c37-199e-4f02-8958-50aa6f2288fd
ago,dstv,41326b99-b0e3-472f-b7ce-aeeaf47cf98b
cmr,dstv,a93eda4c-cc4f-46de-a281-dd0198acd63f
cpv,dstv,5f01bd54-1033-474b-af52-da3a7ec01ac3
eri,dstv,0d4643e4-2ca0-41e4-a1f1-79d568b446f4
gmb,dstv,92d9ef0e-ab04-42ea-9bf5-326fd67a1e8c
mdg,dstv,d66b6a3e-d59e-474c-a01b-8a23a49fc854
mrt,dstv,7e8031a4-d8aa-46ee-8cbe-5fe76ee1dc42
sdn,dstv,f5e8aaab-f59d-43a0-bc7f-70373bebdceb
tza,dstv,f5e8aaab-f59d-43a0-bc7f-70373bebdceb
tza,dstv,3679129d-c8f6-4d05-9170-b9f8f71d2ed5
zaf,dstv,fbd5f290-5c60-4f42-9462-1593131130c1
zwe,dstv,d323f3cb-806e-4e2c-bb78-b8612c09c182
